always;always;always;always;always;always;always;always;always;often
always;always;always;always;always;always;always;always;often;often
always;always;always;always;always;always;always;often;often;often
always;always;always;always;always;always;often;often;often;often
always;always;always;always;always;often;often;often;often;often
always;always;always;always;often;often;often;often;often;often
always;always;always;often;often;often;often;often;often;often
always;always;often;often;often;often;often;often;often;often
always;often;often;often;often;often;often;often;often;often
often;often;often;often;often;often;often;often;often;often
often;often;often;often;often;often;often;often;often;sometimes
often;often;often;often;often;often;often;often;sometimes;sometimes
often;often;often;often;often;often;often;sometimes;sometimes;sometimes
often;often;often;often;often;often;sometimes;sometimes;sometimes;sometimes
often;often;often;often;often;sometimes;sometimes;sometimes;sometimes;sometimes
often;often;often;often;sometimes;sometimes;sometimes;sometimes;sometimes;sometimes
often;often;often;sometimes;sometimes;sometimes;sometimes;sometimes;sometimes;sometimes
often;often;sometimes;sometimes;sometimes;sometimes;sometimes;sometimes;sometimes;sometimes
often;sometimes;sometimes;sometimes;sometimes;sometimes;sometimes;sometimes;sometimes;sometimes
sometimes;sometimes;sometimes;sometimes;sometimes;sometimes;sometimes;sometimes;sometimes;sometimes
sometimes;sometimes;sometimes;sometimes;sometimes;sometimes;sometimes;sometimes;sometimes;rarely
sometimes;sometimes;sometimes;sometimes;sometimes;sometimes;sometimes;sometimes;rarely;rarely
sometimes;sometimes;sometimes;sometimes;sometimes;sometimes;sometimes;rarely;rarely;rarely
sometimes;sometimes;sometimes;sometimes;sometimes;sometimes;rarely;rarely;rarely;rarely
sometimes;sometimes;sometimes;sometimes;sometimes;rarely;rarely;rarely;rarely;rarely
sometimes;sometimes;sometimes;sometimes;rarely;rarely;rarely;rarely;rarely;rarely
sometimes;sometimes;sometimes;rarely;rarely;rarely;rarely;rarely;rarely;rarely
sometimes;sometimes;rarely;rarely;rarely;rarely;rarely;rarely;rarely;rarely
sometimes;rarely;rarely;rarely;rarely;rarely;rarely;rarely;rarely;rarely
rarely;rarely;rarely;rarely;rarely;rarely;rarely;rarely;rarely;rarely